CATL Ningde plant,CATL,China
CATL Liyang plant,CATL,China
CATL Yibin plant,CATL,China
CATL Zhaoqing plant,CATL,China
CATL Xiamen plant,CATL,China
CATL Yichun plant,CATL,China
CATL Xining plant,CATL,China
CATL Luoyang plant,CATL,China
CATL Jining plant,CATL,China
CATL Guiyang plant,CATL,China
CATL Nanhui New City plant,CATL,China
CALB Changzhou plant,CALB,China
CALB Chengdu plant,CALB,China
CALB Wuhan plant,CALB,China
CALB Jiangmen plant,CALB,China
CALB Xiamen plant,CALB,China
CALB Hefei plant,CALB,China
CALB Meishan plant,CALB,China
BYD FinDreams Chongqing plant,BYD,China
BYD FinDreams Xuzhou plant,BYD,China
BYD FinDreams Wenzhou plant,BYD,China
BYD FinDreams Zhengzhou plant,BYD,China
BYD FinDreams Xining plant,BYD,China
BYD FinDreams Shenzhen plant,BYD,China
BYD FinDreams Bengbu plant,BYD,China
BYD FinDreams Xi'an plant,BYD,China
EVE Energy Huizhou plant,EVE Energy,China
EVE Energy Jingmen plant,EVE Energy,China
EVE Energy Wuhan plant,EVE Energy,China
EVE Energy Chengdu plant,EVE Energy,China
Gotion Hefei plant,Gotion High-tech,China
Gotion Lujiang plant,Gotion High-tech,China
Gotion Nanjing plant,Gotion High-tech,China
Gotion Qingdao plant,Gotion High-tech,China
Gotion Tangshan plant,Gotion High-tech,China
Gotion Nantong plant,Gotion High-tech,China
Gotion Liuzhou plant,Gotion High-tech,China
SVOLT Jintan plant,SVOLT,China
SVOLT Baoding plant,SVOLT,China
SVOLT Suining plant,SVOLT,China
SVOLT Chengdu plant,SVOLT,China
SVOLT Huzhou plant,SVOLT,China
SVOLT Ma'anshan plant,SVOLT,China
SVOLT Shangrao plant,SVOLT,China
SVOLT Taizhou plant,SVOLT,China
SVOLT Nanjing plant,SVOLT,China
SVOLT Yancheng plant,SVOLT,China
Hithium Xiamen plant,Hithium,China
Hithium Chongqing plant,Hithium,China
Hithium Heze plant,Hithium,China
REPT Battero Wenzhou plant,REPT Battero,China
REPT Battero Jiaxing plant,REPT Battero,China
REPT Battero Liuzhou plant,REPT Battero,China
REPT Battero Foshan plant,REPT Battero,China
REPT Battero Chongqing plant,REPT Battero,China
Sunwoda Shenzhen plant,Sunwoda,China
Sunwoda Zaozhuang plant,Sunwoda,China
Farasis Energy Ganzhou plant,Farasis Energy,China
Farasis Energy Zhenjiang plant,Farasis Energy,China
Farasis Energy Guangzhou plant,Farasis Energy,China
Lishen Tianjin plant,Tianjin Lishen,China
Lishen Qingdao plant,Tianjin Lishen,China
Lishen Suzhou plant,Tianjin Lishen,China
Lishen Chuzhou plant,Tianjin Lishen,China
Lishen Wuxi plant,Tianjin Lishen,China
Great Power Guangzhou plant,Great Power,China
Great Power Liuzhou plant,Great Power,China
Great Power Quzhou plant,Great Power,China
