id,latitude,longitude,geo_note
catl-catl-ningde-plant-ningde-manufacturing-hub-china,26.6617,119.5686,verified (from researcher / prior source)
svolt-svolt-jintan-plant-changzhou-china,31.746,119.573,verified (from researcher / prior source)
microvast-power-systems-huzhou-co-ltd-microvast-huzhou-plant-china,30.87,120.08,verified (from researcher / prior source)
tiamat-tiamat-amiens-boves-sodium-ion-gigafactory-france,49.83,2.4,verified (from researcher / prior source)
freyr-battery-freyr-giga-arctic-mo-i-rana-norway,66.31,14.14,verified (from researcher / prior source)
leclanch-leclanch-willst-tt-germany,48.5333,7.8833,verified (from researcher / prior source)
northvolt-northvolt-six-canada,45.534,-73.283,verified (from researcher / prior source)
panasonic-energy-gigafactory-nevada-united-states,39.5386,-119.4386,verified (from researcher / prior source)
tesla-tesla-giga-texas-4680-cell-plant-united-states,30.2222,-97.6171,verified (from researcher / prior source)
ultium-cells-llc-ultium-cells-warren-lordstown-ohio-united-states,41.16,-80.85,verified (from researcher / prior source)
blueoval-sk-blueoval-sk-battery-park-kentucky-united-states,37.6,-85.89,verified (from researcher / prior source)
sk-on-sk-battery-america-commerce-georgia-united-states,34.16,-83.49,verified (from researcher / prior source)
samsung-sdi-gm-jv-samsung-sdi-gm-battery-plant-new-carlisle-indiana-united-states,41.7,-86.51,verified (from researcher / prior source)
catl-contemporary-amperex-technology-thuringia-gmbh-catl-thuringia-arnstadt-erfurter-kreuz-germany,50.878,10.945,verified (from researcher / prior source)
powerco-powerco-salzgitter-gigafactory-germany,52.157,10.362,verified (from researcher / prior source)
tesla-tesla-gigafactory-berlin-brandenburg-gr-nheide-germany,52.3958,13.7885,verified (from researcher / prior source)
cellforce-group-cellforce-kirchentellinsfurt-germany,48.532,9.141,verified (from researcher / prior source)
sk-on-sk-on-kom-rom-hungary,47.74,18.12,verified (from researcher / prior source)
sk-on-sk-on-iv-ncsa-hungary,47.083,18.75,verified (from researcher / prior source)
lg-energy-solution-lg-energy-solution-wroc-aw-poland,51.006,16.955,verified (from researcher / prior source)
powerco-powerco-sagunto-gigafactory-valencia-spain,39.68,-0.24,verified (from researcher / prior source)
catl-stellantis-jv-catl-stellantis-zaragoza-figueruelas-gigafactory-spain,41.7529,-1.1758,verified (from researcher / prior source)
italvolt-italvolt-scarmagno-gigafactory-italy,45.4,7.83,verified (from researcher / prior source)
toyota-battery-co-ltd-formerly-primearth-ev-energy-peve-toyota-battery-peve-kosai-plant-japan,34.72,137.53,verified (from researcher / prior source)
fixx-energy-formerly-aesc-envision-aesc-aesc-smyrna-tennessee-united-states,35.96,-86.43,verified (from researcher / prior source)
im3ny-imperium3-new-york-im3ny-gigafactory-endicott-new-york-united-states,42.096,-76.045,verified (from researcher / prior source)
gotion-gotion-manteno-illinois-united-states,41.25,-87.83,verified (from researcher / prior source)
our-next-energy-one-circle-united-states,42.2337,-83.482,verified (from researcher / prior source)
factorial-energy-factorial-energy-methuen-united-states,42.726,-71.191,verified (from researcher / prior source)
amprius-technologies-amprius-fremont-united-states,37.497,-121.964,verified (from researcher / prior source)
natron-energy-natron-energy-holland-united-states,42.7527846,-86.1111526,verified (from researcher / prior source)
ford-blueoval-battery-park-michigan-blueoval-battery-park-michigan-marshall-united-states,42.2723,-84.9633,verified (from researcher / prior source)
gree-titan-gree-titanium-new-energy-formerly-yinlong-new-energy-gree-titan-zhuhai-lto-cell-plant-china,22.02,113.23,verified (from researcher / prior source)
catl-catl-liyang-plant-jiangsu-contemporary-amperex-technology-china,31.42813,119.48353,"[GEO=city:Liyang] Coordinates: approximate city-centroid of Liyang, China via offline geonamescache gazetteer (2026-07-20) - NOT a verified plant location."
catl-catl-yibin-power-battery-base-china,28.7593,104.63994,"[GEO=city:Yibin] Coordinates: approximate city-centroid of Yibin, China via offline geonamescache gazetteer (2026-07-20) - NOT a verified plant location."
catl-catl-zhaoqing-plant-china,23.04893,112.46091,"[GEO=city:Zhaoqing] Coordinates: approximate city-centroid of Zhaoqing, China via offline geonamescache gazetteer (2026-07-20) - NOT a verified plant location."
catl-catl-yichun-battery-production-base-china,27.83333,114.4,"[GEO=city:Yichun] Coordinates: approximate city-centroid of Yichun, China via offline geonamescache gazetteer (2026-07-20) - NOT a verified plant location."
catl-catl-xiamen-battery-base-xiamen-times-new-energy-china,24.47979,118.08187,"[GEO=city:Xiamen] Coordinates: approximate city-centroid of Xiamen, China via offline geonamescache gazetteer (2026-07-20) - NOT a verified plant location."
catl-catl-luoyang-zhongzhou-times-new-energy-battery-base-china,30.29493,108.03372,"[GEO=city:Zhongzhou] Coordinates: approximate city-centroid of Zhongzhou, China via offline geonamescache gazetteer (2026-07-20) - NOT a verified plant location."
catl-catl-xining-plant-qinghai-times-new-energy-technology-co-ltd-china,36.62554,101.75739,"[GEO=city:Xining] Coordinates: approximate city-centroid of Xining, China via offline geonamescache gazetteer (2026-07-20) - NOT a verified plant location."
catl-catl-guiyang-gui-an-battery-production-base-china,26.58333,106.71667,"[GEO=city:Guiyang] Coordinates: approximate city-centroid of Guiyang, China via offline geonamescache gazetteer (2026-07-20) - NOT a verified plant location."
catl-catl-jining-plant-shandong-times-energy-storage-and-power-battery-base-china,35.405,116.58139,"[GEO=city:Jining] Coordinates: approximate city-centroid of Jining, China via offline geonamescache gazetteer (2026-07-20) - NOT a verified plant location."
calb-calb-changzhou-jintan-battery-base-china,31.77359,119.95401,"[GEO=city:Changzhou] Coordinates: approximate city-centroid of Changzhou, China via offline geonamescache gazetteer (2026-07-20) - NOT a verified plant location."
catl-catl-shanghai-lingang-battery-base-nanhui-new-city-china,31.22222,121.45806,"[GEO=city:Shanghai] Coordinates: approximate city-centroid of Shanghai, China via offline geonamescache gazetteer (2026-07-20) - NOT a verified plant location."
calb-calb-chengdu-plant-sichuan-base-china,30.66667,104.06667,"[GEO=city:Chengdu] Coordinates: approximate city-centroid of Chengdu, China via offline geonamescache gazetteer (2026-07-20) - NOT a verified plant location."
calb-calb-wuhan-base-zhonghang-xinhang-wuhan-power-and-energy-storage-battery-base-china,30.58333,114.26667,"[GEO=city:Wuhan] Coordinates: approximate city-centroid of Wuhan, China via offline geonamescache gazetteer (2026-07-20) - NOT a verified plant location."
calb-calb-jiangmen-base-xinhui-china,22.58333,113.08333,"[GEO=city:Jiangmen] Coordinates: approximate city-centroid of Jiangmen, China via offline geonamescache gazetteer (2026-07-20) - NOT a verified plant location."
calb-calb-xiamen-battery-base-china,24.47979,118.08187,"[GEO=city:Xiamen] Coordinates: approximate city-centroid of Xiamen, China via offline geonamescache gazetteer (2026-07-20) - NOT a verified plant location."
calb-calb-meishan-power-battery-and-energy-storage-base-pengshan-meishan-sichuan-china,30.04392,103.83696,"[GEO=city:Meishan] Coordinates: approximate city-centroid of Meishan, China via offline geonamescache gazetteer (2026-07-20) - NOT a verified plant location."
calb-calb-hefei-plant-changfeng-xiatang-battery-base-china,31.86389,117.28083,"[GEO=city:Hefei] Coordinates: approximate city-centroid of Hefei, China via offline geonamescache gazetteer (2026-07-20) - NOT a verified plant location."
findreams-battery-co-ltd-byd-findreams-chongqing-bishan-blade-battery-plant-china,29.56026,106.55771,"[GEO=city:Chongqing] Coordinates: approximate city-centroid of Chongqing, China via offline geonamescache gazetteer (2026-07-20) - NOT a verified plant location."
byd-findreams-battery-byd-findreams-xcmg-findreams-xuzhou-blade-battery-plant-china,34.20442,117.28386,"[GEO=city:Xuzhou] Coordinates: approximate city-centroid of Xuzhou, China via offline geonamescache gazetteer (2026-07-20) - NOT a verified plant location."
wenzhou-findreams-battery-co-ltd-byd-findreams-wenzhou-battery-base-qiaotou-yongjia-china,27.99942,120.66682,"[GEO=city:Wenzhou] Coordinates: approximate city-centroid of Wenzhou, China via offline geonamescache gazetteer (2026-07-20) - NOT a verified plant location."
byd-findreams-battery-zhengzhou-fudi-battery-co-ltd-byd-findreams-fudi-zhengzhou-battery-plant-china,34.75778,113.64861,"[GEO=city:Zhengzhou] Coordinates: approximate city-centroid of Zhengzhou, China via offline geonamescache gazetteer (2026-07-20) - NOT a verified plant location."
byd-byd-findreams-xining-plant-qinghai-findreams-battery-co-ltd-china,36.62554,101.75739,"[GEO=city:Xining] Coordinates: approximate city-centroid of Xining, China via offline geonamescache gazetteer (2026-07-20) - NOT a verified plant location."
byd-findreams-battery-byd-findreams-bengbu-plant-china,32.94083,117.36083,"[GEO=city:Bengbu] Coordinates: approximate city-centroid of Bengbu, China via offline geonamescache gazetteer (2026-07-20) - NOT a verified plant location."
findreams-battery-byd-byd-findreams-shenzhen-plant-kengzi-pingshan-base-china,22.54554,114.0683,"[GEO=city:Shenzhen] Coordinates: approximate city-centroid of Shenzhen, China via offline geonamescache gazetteer (2026-07-20) - NOT a verified plant location."
findreams-battery-byd-byd-findreams-xi-an-plant-china,34.25833,108.92861,"[GEO=city:Xian] Coordinates: approximate city-centroid of Xian, China via offline geonamescache gazetteer (2026-07-20) - NOT a verified plant location."
eve-energy-eve-energy-huizhou-plant-zhongkai-high-tech-zone-production-base-china,23.11147,114.41523,"[GEO=city:Huizhou] Coordinates: approximate city-centroid of Huizhou, China via offline geonamescache gazetteer (2026-07-20) - NOT a verified plant location."
eve-energy-eve-energy-jingmen-production-base-china,31.03361,112.20472,"[GEO=city:Jingmen] Coordinates: approximate city-centroid of Jingmen, China via offline geonamescache gazetteer (2026-07-20) - NOT a verified plant location."
eve-energy-eve-energy-wuhan-plant-wuhan-r-d-branch-energy-storage-institute-china,30.58333,114.26667,"[GEO=city:Wuhan] Coordinates: approximate city-centroid of Wuhan, China via offline geonamescache gazetteer (2026-07-20) - NOT a verified plant location."
eve-energy-eve-energy-chengdu-power-and-energy-storage-battery-base-china,30.66667,104.06667,"[GEO=city:Chengdu] Coordinates: approximate city-centroid of Chengdu, China via offline geonamescache gazetteer (2026-07-20) - NOT a verified plant location."
hefei-gotion-high-tech-power-energy-co-ltd-gotion-hefei-plant-vw-unified-standard-cell-base-xinzhan-district-china,31.86389,117.28083,"[GEO=city:Hefei] Coordinates: approximate city-centroid of Hefei, China via offline geonamescache gazetteer (2026-07-20) - NOT a verified plant location."
gotion-high-tech-gotion-lujiang-plant-lujiang-high-tech-zone-base-china,31.23357,117.28057,"[GEO=city:Lujiang] Coordinates: approximate city-centroid of Lujiang, China via offline geonamescache gazetteer (2026-07-20) - NOT a verified plant location."
gotion-high-tech-gotion-nanjing-plant-china,32.06167,118.77778,"[GEO=city:Nanjing] Coordinates: approximate city-centroid of Nanjing, China via offline geonamescache gazetteer (2026-07-20) - NOT a verified plant location."
gotion-high-tech-qingdao-gotion-battery-plant-laixi-china,36.06488,120.38042,"[GEO=city:Qingdao] Coordinates: approximate city-centroid of Qingdao, China via offline geonamescache gazetteer (2026-07-20) - NOT a verified plant location."
tangshan-guoxuan-battery-co-ltd-wholly-owned-subsidiary-of-hefei-gotion-high-tech-power-energy-gotion-tangshan-plant-tangshan-guoxuan-battery-co-ltd-china,39.64381,118.18319,"[GEO=city:Tangshan] Coordinates: approximate city-centroid of Tangshan, China via offline geonamescache gazetteer (2026-07-20) - NOT a verified plant location."
shanghai-electric-gotion-new-energy-technology-nantong-co-ltd-shanghai-electric-gotion-new-energy-nantong-energy-storage-battery-base-china,31.22222,121.45806,"[GEO=city:Shanghai] Coordinates: approximate city-centroid of Shanghai, China via offline geonamescache gazetteer (2026-07-20) - NOT a verified plant location."
liuzhou-gotion-battery-co-ltd-gotion-high-tech-subsidiary-gotion-liuzhou-power-battery-base-china,24.32405,109.40698,"[GEO=city:Liuzhou] Coordinates: approximate city-centroid of Liuzhou, China via offline geonamescache gazetteer (2026-07-20) - NOT a verified plant location."
svolt-svolt-energy-technology-svolt-suining-plant-china,30.50802,105.57332,"[GEO=city:Suining] Coordinates: approximate city-centroid of Suining, China via offline geonamescache gazetteer (2026-07-20) - NOT a verified plant location."
svolt-honeycomb-energy-svolt-baoding-plant-r-d-centre-china,38.87288,115.46246,"[GEO=city:Baoding] Coordinates: approximate city-centroid of Baoding, China via offline geonamescache gazetteer (2026-07-20) - NOT a verified plant location."
svolt-energy-technology-honeycomb-energy-svolt-chengdu-plant-chengdu-eastern-new-area-base-china,30.66667,104.06667,"[GEO=city:Chengdu] Coordinates: approximate city-centroid of Chengdu, China via offline geonamescache gazetteer (2026-07-20) - NOT a verified plant location."
svolt-honeycomb-energy-svolt-huzhou-plant-south-taihu-new-area-china,30.8703,120.0933,"[GEO=city:Huzhou] Coordinates: approximate city-centroid of Huzhou, China via offline geonamescache gazetteer (2026-07-20) - NOT a verified plant location."
svolt-energy-technology-svolt-shangrao-base-china,28.45179,117.94287,"[GEO=city:Shangrao] Coordinates: approximate city-centroid of Shangrao, China via offline geonamescache gazetteer (2026-07-20) - NOT a verified plant location."
svolt-svolt-energy-technology-svolt-ma-anshan-plant-china,31.68579,118.51008,"[GEO=city:Maanshan] Coordinates: approximate city-centroid of Maanshan, China via offline geonamescache gazetteer (2026-07-20) - NOT a verified plant location."
svolt-svolt-nanjing-plant-lishui-base-china,32.06167,118.77778,"[GEO=city:Nanjing] Coordinates: approximate city-centroid of Nanjing, China via offline geonamescache gazetteer (2026-07-20) - NOT a verified plant location."
svolt-honeycomb-energy-svolt-taizhou-plant-china,32.49069,119.90812,"[GEO=city:Taizhou] Coordinates: approximate city-centroid of Taizhou, China via offline geonamescache gazetteer (2026-07-20) - NOT a verified plant location."
svolt-svolt-energy-technology-svolt-yancheng-plant-china,33.3575,120.1573,"[GEO=city:Yancheng] Coordinates: approximate city-centroid of Yancheng, China via offline geonamescache gazetteer (2026-07-20) - NOT a verified plant location."
hithium-hithium-xiamen-plant-xiamen-production-base-china,24.47979,118.08187,"[GEO=city:Xiamen] Coordinates: approximate city-centroid of Xiamen, China via offline geonamescache gazetteer (2026-07-20) - NOT a verified plant location."
hithium-hithium-chongqing-plant-china,29.56026,106.55771,"[GEO=city:Chongqing] Coordinates: approximate city-centroid of Chongqing, China via offline geonamescache gazetteer (2026-07-20) - NOT a verified plant location."
hithium-hithium-heze-plant-china,35.23929,115.47358,"[GEO=city:Heze] Coordinates: approximate city-centroid of Heze, China via offline geonamescache gazetteer (2026-07-20) - NOT a verified plant location."
rept-battero-rept-battero-wenzhou-plant-china,27.99942,120.66682,"[GEO=city:Wenzhou] Coordinates: approximate city-centroid of Wenzhou, China via offline geonamescache gazetteer (2026-07-20) - NOT a verified plant location."
rept-battero-rept-battero-jiaxing-plant-china,30.7522,120.75,"[GEO=city:Jiaxing] Coordinates: approximate city-centroid of Jiaxing, China via offline geonamescache gazetteer (2026-07-20) - NOT a verified plant location."
rept-battero-rept-battero-liuzhou-plant-china,24.32405,109.40698,"[GEO=city:Liuzhou] Coordinates: approximate city-centroid of Liuzhou, China via offline geonamescache gazetteer (2026-07-20) - NOT a verified plant location."
rept-battero-rept-battero-foshan-plant-china,23.02677,113.13148,"[GEO=city:Foshan] Coordinates: approximate city-centroid of Foshan, China via offline geonamescache gazetteer (2026-07-20) - NOT a verified plant location."
rept-battero-rept-battero-chongqing-plant-china,29.56026,106.55771,"[GEO=city:Chongqing] Coordinates: approximate city-centroid of Chongqing, China via offline geonamescache gazetteer (2026-07-20) - NOT a verified plant location."
sunwoda-sunwoda-shenzhen-plant-china,22.54554,114.0683,"[GEO=city:Shenzhen] Coordinates: approximate city-centroid of Shenzhen, China via offline geonamescache gazetteer (2026-07-20) - NOT a verified plant location."
sunwoda-evb-sunwoda-electronic-sunwoda-zaozhuang-plant-china,34.86472,117.55417,"[GEO=city:Zaozhuang] Coordinates: approximate city-centroid of Zaozhuang, China via offline geonamescache gazetteer (2026-07-20) - NOT a verified plant location."
farasis-energy-farasis-energy-zhenjiang-plant-china,32.21086,119.45508,"[GEO=city:Zhenjiang] Coordinates: approximate city-centroid of Zhenjiang, China via offline geonamescache gazetteer (2026-07-20) - NOT a verified plant location."
farasis-energy-farasis-energy-ganzhou-plant-30-gwh-new-energy-battery-project-china,25.84664,114.9326,"[GEO=city:Ganzhou] Coordinates: approximate city-centroid of Ganzhou, China via offline geonamescache gazetteer (2026-07-20) - NOT a verified plant location."
farasis-energy-farasis-energy-guangzhou-super-factory-30-gwh-power-battery-base-china,23.11667,113.25,"[GEO=city:Guangzhou] Coordinates: approximate city-centroid of Guangzhou, China via offline geonamescache gazetteer (2026-07-20) - NOT a verified plant location."
tianjin-lishen-battery-joint-stock-co-ltd-lishen-tianjin-plant-tianjin-binhai-new-energy-industry-base-china,39.14222,117.17667,"[GEO=city:Tianjin] Coordinates: approximate city-centroid of Tianjin, China via offline geonamescache gazetteer (2026-07-20) - NOT a verified plant location."
lishen-qingdao-new-energy-co-ltd-now-china-auto-new-energy-qingdao-battery-technology-co-ltd-lishen-qingdao-plant-lishen-qingdao-new-energy-renamed-china-auto-new-energy-qingdao-battery-technology-july-2025-china,36.06488,120.38042,"[GEO=city:Qingdao] Coordinates: approximate city-centroid of Qingdao, China via offline geonamescache gazetteer (2026-07-20) - NOT a verified plant location."
lishen-battery-suzhou-co-ltd-lishen-battery-suzhou-plant-china,31.30408,120.59538,"[GEO=city:Suzhou] Coordinates: approximate city-centroid of Suzhou, China via offline geonamescache gazetteer (2026-07-20) - NOT a verified plant location."
tianjin-lishen-battery-lishen-chuzhou-base-quanjiao-china,32.32194,118.29778,"[GEO=city:Chuzhou] Coordinates: approximate city-centroid of Chuzhou, China via offline geonamescache gazetteer (2026-07-20) - NOT a verified plant location."
tianjin-lishen-battery-lishen-wuxi-new-energy-industrial-base-china,31.56887,120.28857,"[GEO=city:Wuxi] Coordinates: approximate city-centroid of Wuxi, China via offline geonamescache gazetteer (2026-07-20) - NOT a verified plant location."
great-power-great-power-guangzhou-panyu-plant-china,23.11667,113.25,"[GEO=city:Guangzhou] Coordinates: approximate city-centroid of Guangzhou, China via offline geonamescache gazetteer (2026-07-20) - NOT a verified plant location."
great-power-guangzhou-great-power-energy-technology-great-power-liuzhou-smart-energy-storage-and-power-battery-manufacturing-base-china,24.32405,109.40698,"[GEO=city:Liuzhou] Coordinates: approximate city-centroid of Liuzhou, China via offline geonamescache gazetteer (2026-07-20) - NOT a verified plant location."
quzhou-great-power-energy-technology-co-ltd-great-power-quzhou-energy-storage-battery-base-quzhou-smart-manufacturing-new-city-china,28.95944,118.86861,"[GEO=city:Quzhou] Coordinates: approximate city-centroid of Quzhou, China via offline geonamescache gazetteer (2026-07-20) - NOT a verified plant location."
catl-catl-fuding-fuding-shidai-production-base-china,27.32734,120.21399,"[GEO=city:Fuding] Coordinates: approximate city-centroid of Fuding, China via offline geonamescache gazetteer (2026-07-20) - NOT a verified plant location."
changsha-findreams-battery-findreams-battery-byd-findreams-changsha-plant-ningxiang-china,28.25831,112.56048,"[GEO=city:Ningxiang] Coordinates: approximate city-centroid of Ningxiang, China via offline geonamescache gazetteer (2026-07-20) - NOT a verified plant location."
byd-findreams-battery-wuwei-findreams-battery-plant-byd-new-energy-power-battery-yangtze-river-delta-manufacturing-center-china,37.92672,102.63202,"[GEO=city:Wuwei] Coordinates: approximate city-centroid of Wuwei, China via offline geonamescache gazetteer (2026-07-20) - NOT a verified plant location."
findreams-battery-byd-byd-findreams-jinan-battery-plant-jinan-high-tech-zone-china,36.66833,116.99722,"[GEO=city:Jinan] Coordinates: approximate city-centroid of Jinan, China via offline geonamescache gazetteer (2026-07-20) - NOT a verified plant location."
findreams-battery-fuzhou-findreams-battery-plant-jiangxi-china,26.06139,119.30611,"[GEO=city:Fuzhou] Coordinates: approximate city-centroid of Fuzhou, China via offline geonamescache gazetteer (2026-07-20) - NOT a verified plant location."
findreams-battery-byd-findreams-shaoxing-shengzhou-battery-base-china,30.00237,120.57864,"[GEO=city:Shaoxing] Coordinates: approximate city-centroid of Shaoxing, China via offline geonamescache gazetteer (2026-07-20) - NOT a verified plant location."
byd-findreams-byd-findreams-huizhou-plant-china,23.11147,114.41523,"[GEO=city:Huizhou] Coordinates: approximate city-centroid of Huizhou, China via offline geonamescache gazetteer (2026-07-20) - NOT a verified plant location."
faw-findreams-new-energy-technology-co-ltd-faw-findreams-changchun-plant-changchun-power-battery-base-china,43.88,125.32278,"[GEO=city:Changchun] Coordinates: approximate city-centroid of Changchun, China via offline geonamescache gazetteer (2026-07-20) - NOT a verified plant location."
weichai-findreams-weichai-findreams-yantai-new-energy-power-industrial-park-china,37.47649,121.44081,"[GEO=city:Yantai] Coordinates: approximate city-centroid of Yantai, China via offline geonamescache gazetteer (2026-07-20) - NOT a verified plant location."
byd-changzhou-east-china-base-byd-findreams-changzhou-plant-china,31.77359,119.95401,"[GEO=city:Changzhou] Coordinates: approximate city-centroid of Changzhou, China via offline geonamescache gazetteer (2026-07-20) - NOT a verified plant location."
eve-energy-eve-energy-qujing-plant-23gwh-cylindrical-lfp-energy-storage-power-battery-project-china,25.48333,103.78333,"[GEO=city:Qujing] Coordinates: approximate city-centroid of Qujing, China via offline geonamescache gazetteer (2026-07-20) - NOT a verified plant location."
eve-energy-yuxi-eve-energy-co-ltd-eve-energy-yuxi-plant-yuxi-power-energy-storage-battery-project-china,24.355,102.54222,"[GEO=city:Yuxi] Coordinates: approximate city-centroid of Yuxi, China via offline geonamescache gazetteer (2026-07-20) - NOT a verified plant location."
eve-energy-eve-energy-qidong-plant-eve-linyang-china,31.81111,121.655,"[GEO=city:Qidong] Coordinates: approximate city-centroid of Qidong, China via offline geonamescache gazetteer (2026-07-20) - NOT a verified plant location."
sk-on-skoj-yancheng-battery-plant-sk-on-eve-energy-jv-china,33.3575,120.1573,"[GEO=city:Yancheng] Coordinates: approximate city-centroid of Yancheng, China via offline geonamescache gazetteer (2026-07-20) - NOT a verified plant location."
eve-energy-eve-energy-ningbo-plant-china,29.87819,121.54945,"[GEO=city:Ningbo] Coordinates: approximate city-centroid of Ningbo, China via offline geonamescache gazetteer (2026-07-20) - NOT a verified plant location."
eve-energy-eve-energy-shenyang-base-china,41.79222,123.43278,"[GEO=city:Shenyang] Coordinates: approximate city-centroid of Shenyang, China via offline geonamescache gazetteer (2026-07-20) - NOT a verified plant location."
tongcheng-gotion-high-tech-gotion-tongcheng-battery-base-40-gwh-power-battery-project-china,36.94529,119.32532,"[GEO=city:Longchi] Coordinates: approximate city-centroid of Longchi, China via offline geonamescache gazetteer (2026-07-20) - NOT a verified plant location."
yichun-gotion-yichun-gotion-battery-plant-china,27.83333,114.4,"[GEO=city:Yichun] Coordinates: approximate city-centroid of Yichun, China via offline geonamescache gazetteer (2026-07-20) - NOT a verified plant location."
wuhu-gotion-power-technology-co-ltd-wuhu-gotion-20gwh-new-energy-battery-base-gotion-wuhu-plant-china,31.35259,118.42947,"[GEO=city:Wuhu] Coordinates: approximate city-centroid of Wuhu, China via offline geonamescache gazetteer (2026-07-20) - NOT a verified plant location."
gotion-chuzhou-gotion-new-energy-power-co-ltd-gotion-new-energy-chuzhou-high-end-manufacturing-base-china,32.32194,118.29778,"[GEO=city:Chuzhou] Coordinates: approximate city-centroid of Chuzhou, China via offline geonamescache gazetteer (2026-07-20) - NOT a verified plant location."
calb-calb-xinyang-base-51-gwh-power-energy-storage-battery-project-china,32.12278,114.06556,"[GEO=city:Xinyang] Coordinates: approximate city-centroid of Xinyang, China via offline geonamescache gazetteer (2026-07-20) - NOT a verified plant location."
calb-technology-handan-co-ltd-calb-power-battery-and-energy-storage-battery-system-handan-base-china,36.60999,114.48764,"[GEO=city:Handan] Coordinates: approximate city-centroid of Handan, China via offline geonamescache gazetteer (2026-07-20) - NOT a verified plant location."
sunwoda-sunwoda-nanchang-power-battery-production-base-china,28.68396,115.85306,"[GEO=city:Nanchang] Coordinates: approximate city-centroid of Nanchang, China via offline geonamescache gazetteer (2026-07-20) - NOT a verified plant location."
calb-calb-leapmotor-wuyi-cell-plant-jinhua-china,29.10678,119.64421,"[GEO=city:Jinhua] Coordinates: approximate city-centroid of Jinhua, China via offline geonamescache gazetteer (2026-07-20) - NOT a verified plant location."
sunwoda-evb-sunwoda-electric-vehicle-battery-co-ltd-sunwoda-yiwu-new-energy-power-battery-production-base-china,29.31506,120.07676,"[GEO=city:Yiwu] Coordinates: approximate city-centroid of Yiwu, China via offline geonamescache gazetteer (2026-07-20) - NOT a verified plant location."
sunwoda-sunwoda-evb-sunwoda-power-sunwoda-zhuhai-plant-china,22.27694,113.56778,"[GEO=city:Zhuhai] Coordinates: approximate city-centroid of Zhuhai, China via offline geonamescache gazetteer (2026-07-20) - NOT a verified plant location."
farasis-energy-farasis-wuhu-plant-china,31.35259,118.42947,"[GEO=city:Wuhu] Coordinates: approximate city-centroid of Wuhu, China via offline geonamescache gazetteer (2026-07-20) - NOT a verified plant location."
great-power-guangzhou-great-power-energy-technology-co-ltd-penghui-energy-great-power-zhumadian-plant-zhumadian-production-base-china,32.97944,114.02944,"[GEO=city:Zhumadian] Coordinates: approximate city-centroid of Zhumadian, China via offline geonamescache gazetteer (2026-07-20) - NOT a verified plant location."
tianjin-lishen-battery-lishen-mianyang-southwest-production-base-china,31.46784,104.68168,"[GEO=city:Mianyang] Coordinates: approximate city-centroid of Mianyang, China via offline geonamescache gazetteer (2026-07-20) - NOT a verified plant location."
great-power-great-power-guangde-plant-china,22.54554,114.0683,"[GEO=city:Shenzhen] Coordinates: approximate city-centroid of Shenzhen, China via offline geonamescache gazetteer (2026-07-20) - NOT a verified plant location."
great-power-qingdao-great-power-qingdao-energy-storage-battery-zero-carbon-manufacturing-base-china,36.06488,120.38042,"[GEO=city:Qingdao] Coordinates: approximate city-centroid of Qingdao, China via offline geonamescache gazetteer (2026-07-20) - NOT a verified plant location."
envision-aesc-envision-aesc-wuxi-plant-jiangyin-battery-manufacturing-base-china,31.91102,120.26302,"[GEO=city:Jiangyin] Coordinates: approximate city-centroid of Jiangyin, China via offline geonamescache gazetteer (2026-07-20) - NOT a verified plant location."
envision-aesc-envision-aesc-ordos-plant-ordos-envision-net-zero-industrial-park-china,39.6086,109.78157,"[GEO=city:Ordos] Coordinates: approximate city-centroid of Ordos, China via offline geonamescache gazetteer (2026-07-20) - NOT a verified plant location."
envision-aesc-envision-aesc-cangzhou-plant-cangzhou-zero-carbon-intelligent-industrial-park-china,38.31124,116.85334,"[GEO=city:Cangzhou] Coordinates: approximate city-centroid of Cangzhou, China via offline geonamescache gazetteer (2026-07-20) - NOT a verified plant location."
envision-aesc-envision-aesc-shiyan-plant-zero-carbon-smart-battery-industrial-park-china,32.6475,110.77806,"[GEO=city:Shiyan] Coordinates: approximate city-centroid of Shiyan, China via offline geonamescache gazetteer (2026-07-20) - NOT a verified plant location."
jiangsu-highstar-battery-manufacturing-co-ltd-highstar-battery-highstar-qidong-plant-china,31.81111,121.655,"[GEO=city:Qidong] Coordinates: approximate city-centroid of Qidong, China via offline geonamescache gazetteer (2026-07-20) - NOT a verified plant location."
guangdong-highstar-haisida-power-highstar-zhuhai-energy-storage-battery-base-fushan-industrial-park-china,22.27694,113.56778,"[GEO=city:Zhuhai] Coordinates: approximate city-centroid of Zhuhai, China via offline geonamescache gazetteer (2026-07-20) - NOT a verified plant location."
tianneng-new-energy-huzhou-co-ltd-zhejiang-tianneng-energy-storage-co-tianneng-changxing-south-taihu-lithium-battery-base-china,30.8703,120.0933,"[GEO=city:Huzhou] Coordinates: approximate city-centroid of Huzhou, China via offline geonamescache gazetteer (2026-07-20) - NOT a verified plant location."
narada-power-zhejiang-narada-power-source-co-ltd-narada-hangzhou-lin-an-plant-china,30.29365,120.16142,"[GEO=city:Hangzhou] Coordinates: approximate city-centroid of Hangzhou, China via offline geonamescache gazetteer (2026-07-20) - NOT a verified plant location."
ganfeng-lienergy-ganfeng-lienergy-xinyu-plant-jiangxi-new-type-lithium-battery-technology-industrial-park-china,27.80429,114.93335,"[GEO=city:Xinyu] Coordinates: approximate city-centroid of Xinyu, China via offline geonamescache gazetteer (2026-07-20) - NOT a verified plant location."
ganfeng-lienergy-ganfeng-new-lithium-battery-technology-industrial-park-chongqing-china,29.56026,106.55771,"[GEO=city:Chongqing] Coordinates: approximate city-centroid of Chongqing, China via offline geonamescache gazetteer (2026-07-20) - NOT a verified plant location."
zhuhai-cosmx-battery-co-ltd-cosmx-zhuhai-plant-zhuhai-headquarters-polymer-lithium-ion-battery-base-china,22.27694,113.56778,"[GEO=city:Zhuhai] Coordinates: approximate city-centroid of Zhuhai, China via offline geonamescache gazetteer (2026-07-20) - NOT a verified plant location."
ganfeng-lienergy-ganfeng-lienergy-dongguan-base-10gwh-new-type-lithium-battery-ess-hq-base-china,23.01797,113.74866,"[GEO=city:Dongguan] Coordinates: approximate city-centroid of Dongguan, China via offline geonamescache gazetteer (2026-07-20) - NOT a verified plant location."
zhuhai-cosmx-battery-cosmx-chongqing-plant-china,29.56026,106.55771,"[GEO=city:Chongqing] Coordinates: approximate city-centroid of Chongqing, China via offline geonamescache gazetteer (2026-07-20) - NOT a verified plant location."
penghui-energy-penghui-liuzhou-base-liuzhou-smart-energy-storage-power-battery-manufacturing-base-china,24.32405,109.40698,"[GEO=city:Liuzhou] Coordinates: approximate city-centroid of Liuzhou, China via offline geonamescache gazetteer (2026-07-20) - NOT a verified plant location."
bak-battery-bak-zhengzhou-plant-china,34.75778,113.64861,"[GEO=city:Zhengzhou] Coordinates: approximate city-centroid of Zhengzhou, China via offline geonamescache gazetteer (2026-07-20) - NOT a verified plant location."
bak-battery-shenzhen-bak-power-battery-bak-shenzhen-plant-bak-industrial-park-china,22.54554,114.0683,"[GEO=city:Shenzhen] Coordinates: approximate city-centroid of Shenzhen, China via offline geonamescache gazetteer (2026-07-20) - NOT a verified plant location."
jiangsu-zenergy-zenergy-changshu-plant-china,31.64615,120.74221,"[GEO=city:Changshu] Coordinates: approximate city-centroid of Changshu, China via offline geonamescache gazetteer (2026-07-20) - NOT a verified plant location."
phylion-battery-xingheng-power-co-ltd-phylion-suzhou-plant-suzhou-manufacturing-base-china,31.30408,120.59538,"[GEO=city:Suzhou] Coordinates: approximate city-centroid of Suzhou, China via offline geonamescache gazetteer (2026-07-20) - NOT a verified plant location."
phylion-battery-xingheng-power-phylion-chuzhou-plant-china,32.32194,118.29778,"[GEO=city:Chuzhou] Coordinates: approximate city-centroid of Chuzhou, China via offline geonamescache gazetteer (2026-07-20) - NOT a verified plant location."
camel-group-camel-xiangyang-new-energy-low-carbon-industrial-park-china,32.0422,112.14479,"[GEO=city:Xiangyang] Coordinates: approximate city-centroid of Xiangyang, China via offline geonamescache gazetteer (2026-07-20) - NOT a verified plant location."
wanxiang-a123-wanxiang-a123-hangzhou-plant-wanxiang-innovation-energy-city-china,30.29365,120.16142,"[GEO=city:Hangzhou] Coordinates: approximate city-centroid of Hangzhou, China via offline geonamescache gazetteer (2026-07-20) - NOT a verified plant location."
hina-battery-hina-fuyang-plant-china,32.9,115.81667,"[GEO=city:Fuyang] Coordinates: approximate city-centroid of Fuyang, China via offline geonamescache gazetteer (2026-07-20) - NOT a verified plant location."
huizhou-desay-battery-co-ltd-desay-huizhou-plant-consumer-soft-pack-cell-project-china,23.11147,114.41523,"[GEO=city:Huizhou] Coordinates: approximate city-centroid of Huizhou, China via offline geonamescache gazetteer (2026-07-20) - NOT a verified plant location."
do-fluoride-new-energy-technology-co-ltd-dfd-dfd-jiaozuo-plant-do-fluoride-new-energy-henan-base-china,35.23925,113.23914,"[GEO=city:Jiaozuo] Coordinates: approximate city-centroid of Jiaozuo, China via offline geonamescache gazetteer (2026-07-20) - NOT a verified plant location."
dfd-new-energy-guangxi-ningfu-new-energy-technology-co-ltd-dfd-nanning-plant-guangxi-ningfu-new-energy-20gwh-lithium-battery-project-china,22.81667,108.31667,"[GEO=city:Nanning] Coordinates: approximate city-centroid of Nanning, China via offline geonamescache gazetteer (2026-07-20) - NOT a verified plant location."
li-fun-technology-li-fun-zhuzhou-plant-china,27.83333,113.15,"[GEO=city:Zhuzhou] Coordinates: approximate city-centroid of Zhuzhou, China via offline geonamescache gazetteer (2026-07-20) - NOT a verified plant location."
shenzhen-zhuoneng-new-energy-co-ltd-zhuoneng-shenzhen-plant-china,22.54554,114.0683,"[GEO=city:Shenzhen] Coordinates: approximate city-centroid of Shenzhen, China via offline geonamescache gazetteer (2026-07-20) - NOT a verified plant location."
harbin-coslight-power-co-ltd-coslight-harbin-plant-harbin-coslight-power-lithium-battery-base-china,45.75,126.65,"[GEO=city:Harbin] Coordinates: approximate city-centroid of Harbin, China via offline geonamescache gazetteer (2026-07-20) - NOT a verified plant location."
shanxi-huana-xinneng-technology-huayang-yangquan-sodium-ion-battery-line-huana-xinneng-china,37.8575,113.56333,"[GEO=city:Yangquan] Coordinates: approximate city-centroid of Yangquan, China via offline geonamescache gazetteer (2026-07-20) - NOT a verified plant location."
zhongna-energy-yangzhou-co-ltd-zhongna-energy-storage-yangzhou-base-china,32.39722,119.43583,"[GEO=city:Yangzhou] Coordinates: approximate city-centroid of Yangzhou, China via offline geonamescache gazetteer (2026-07-20) - NOT a verified plant location."
zoolnasm-zhongna-energy-zoolnasm-zhongna-energy-guangde-sodium-ion-battery-base-china,32.39722,119.43583,"[GEO=city:Yangzhou] Coordinates: approximate city-centroid of Yangzhou, China via offline geonamescache gazetteer (2026-07-20) - NOT a verified plant location."
jiangsu-chuanyi-sodium-ion-technology-co-ltd-jiangsu-transimage-chuanyi-sodium-ion-battery-plant-gaoyou-china,32.78933,119.44182,"[GEO=city:Gaoyou] Coordinates: approximate city-centroid of Gaoyou, China via offline geonamescache gazetteer (2026-07-20) - NOT a verified plant location."
guangde-qingna-technology-suining-sodium-ion-battery-plant-china,30.50802,105.57332,"[GEO=city:Suining] Coordinates: approximate city-centroid of Suining, China via offline geonamescache gazetteer (2026-07-20) - NOT a verified plant location."
benan-energy-technology-jiangsu-co-ltd-benan-energy-taicang-sodium-ion-plant-china,31.44778,121.09389,"[GEO=city:Taicang] Coordinates: approximate city-centroid of Taicang, China via offline geonamescache gazetteer (2026-07-20) - NOT a verified plant location."
nanchang-veken-battery-co-ltd-veken-nanchang-industrial-park-nanchang-veken-sodium-battery-base-china,28.68396,115.85306,"[GEO=city:Nanchang] Coordinates: approximate city-centroid of Nanchang, China via offline geonamescache gazetteer (2026-07-20) - NOT a verified plant location."
veken-technology-veken-ningbo-sodium-ion-plant-china,29.87819,121.54945,"[GEO=city:Ningbo] Coordinates: approximate city-centroid of Ningbo, China via offline geonamescache gazetteer (2026-07-20) - NOT a verified plant location."
pylontech-pylon-technologies-pylontech-hefei-feixi-lfp-cell-plant-10gwh-lithium-battery-r-d-and-manufacturing-base-china,31.86389,117.28083,"[GEO=city:Hefei] Coordinates: approximate city-centroid of Hefei, China via offline geonamescache gazetteer (2026-07-20) - NOT a verified plant location."
great-power-great-power-ulanqab-energy-storage-and-semi-solid-state-cell-plant-china,40.993,113.133,"[GEO=city:Ulanqab] Coordinates: approximate city-centroid of Ulanqab, China via offline geonamescache gazetteer (2026-07-20) - NOT a verified plant location."
pylontech-pylon-technologies-co-ltd-pylontech-shanghai-lfp-cell-base-china,31.22222,121.45806,"[GEO=city:Shanghai] Coordinates: approximate city-centroid of Shanghai, China via offline geonamescache gazetteer (2026-07-20) - NOT a verified plant location."
yi-i-t-ak-ganfeng-lienergy-jv-yi-i-t-ak-ganfeng-gigafactory-turkey,39.91987,32.85427,"[GEO=city:Ankara] Coordinates: approximate city-centroid of Ankara, Turkey via offline geonamescache gazetteer (2026-07-20) - NOT a verified plant location."
calb-calb-sines-portugal,38.72509,-9.1498,"[GEO=city:Lisbon] Coordinates: approximate city-centroid of Lisbon, Portugal via offline geonamescache gazetteer (2026-07-20) - NOT a verified plant location."
prologium-prologium-dunkirk-gigafactory-france,51.0344,2.37681,"[GEO=city:Dunkirk] Coordinates: approximate city-centroid of Dunkirk, France via offline geonamescache gazetteer (2026-07-20) - NOT a verified plant location."
hithium-hithium-navarra-spain,42.81687,-1.64323,"[GEO=city:Pamplona] Coordinates: approximate city-centroid of Pamplona, Spain via offline geonamescache gazetteer (2026-07-20) - NOT a verified plant location."
blue-solutions-blue-solutions-quimper-ergu-gab-ric-odet-mother-plant-france,47.99597,-4.09795,"[GEO=city:Quimper] Coordinates: approximate city-centroid of Quimper, France via offline geonamescache gazetteer (2026-07-20) - NOT a verified plant location."
acc-automotive-cells-company-saft-acc-nersac-pilot-plant-industrial-excellence-center-france,45.64997,0.15345,"[GEO=city:Angouleme] Coordinates: approximate city-centroid of Angouleme, France via offline geonamescache gazetteer (2026-07-20) - NOT a verified plant location."
elinor-batteries-elinor-batteries-gigafactory-eiktyr-industrial-park-orkland-norway,63.43049,10.39506,"[GEO=city:Trondheim] Coordinates: approximate city-centroid of Trondheim, Norway via offline geonamescache gazetteer (2026-07-20) - NOT a verified plant location."
beyonder-as-beyonder-battery-center-forus-sandnes-norway,58.85244,5.73521,"[GEO=city:Sandnes] Coordinates: approximate city-centroid of Sandnes, Norway via offline geonamescache gazetteer (2026-07-20) - NOT a verified plant location."
customcells-customcells-itzehoe-germany,53.92099,9.51529,"[GEO=city:Itzehoe] Coordinates: approximate city-centroid of Itzehoe, Germany via offline geonamescache gazetteer (2026-07-20) - NOT a verified plant location."
customcells-customcells-t-bingen-germany,48.52266,9.05222,"[GEO=city:Tubingen] Coordinates: approximate city-centroid of Tubingen, Germany via offline geonamescache gazetteer (2026-07-20) - NOT a verified plant location."
blackstone-technology-gmbh-blackstone-resources-d-beln-blackstone-technology-gmbh-germany,51.1221,13.11027,"[GEO=city:Dobeln] Coordinates: approximate city-centroid of Dobeln, Germany via offline geonamescache gazetteer (2026-07-20) - NOT a verified plant location."
liacon-liacon-itzehoe-germany,53.92099,9.51529,"[GEO=city:Itzehoe] Coordinates: approximate city-centroid of Itzehoe, Germany via offline geonamescache gazetteer (2026-07-20) - NOT a verified plant location."
basquevolt-basquevolt-vitoria-gasteiz-spain,42.84998,-2.67268,"[GEO=city:Vitoria-Gasteiz] Coordinates: approximate city-centroid of Vitoria-Gasteiz, Spain via offline geonamescache gazetteer (2026-07-20) - NOT a verified plant location."
faam-faam-teverola-teverola-1-teverola-2-gigafactory-italy,41.07262,14.33231,"[GEO=city:Caserta] Coordinates: approximate city-centroid of Caserta, Italy via offline geonamescache gazetteer (2026-07-20) - NOT a verified plant location."
volklec-volklec-coventry-united-kingdom,52.40656,-1.51217,"[GEO=city:Coventry] Coordinates: approximate city-centroid of Coventry, United Kingdom via offline geonamescache gazetteer (2026-07-20) - NOT a verified plant location."
britishvolt-britishvolt-blyth-cambois-gigafactory-united-kingdom,55.12708,-1.50856,"[GEO=city:Blyth] Coordinates: approximate city-centroid of Blyth, United Kingdom via offline geonamescache gazetteer (2026-07-20) - NOT a verified plant location."
nyobolt-nyobolt-sunderland-united-kingdom,54.90465,-1.38222,"[GEO=city:Sunderland] Coordinates: approximate city-centroid of Sunderland, United Kingdom via offline geonamescache gazetteer (2026-07-20) - NOT a verified plant location."
elevenes-elevenes-subotica-serbia,46.1,19.66667,"[GEO=city:Subotica] Coordinates: approximate city-centroid of Subotica, Serbia via offline geonamescache gazetteer (2026-07-20) - NOT a verified plant location."
altris-altris-sandviken-ferrum-sweden,60.61667,16.76667,"[GEO=city:Sandviken] Coordinates: approximate city-centroid of Sandviken, Sweden via offline geonamescache gazetteer (2026-07-20) - NOT a verified plant location."
pomega-energy-storage-technologies-pomega-gigafactory-polatl-ankara-turkey,39.91987,32.85427,"[GEO=city:Ankara] Coordinates: approximate city-centroid of Ankara, Turkey via offline geonamescache gazetteer (2026-07-20) - NOT a verified plant location."
ford-otosan-ford-lg-kocaeli-ford-lg-energy-solution-ko-holding-battery-cell-jv-cancelled-turkey,39.91987,32.85427,"[GEO=city:Ankara] Coordinates: approximate city-centroid of Ankara, Turkey via offline geonamescache gazetteer (2026-07-20) - NOT a verified plant location."
blue-energy-co-ltd-blue-energy-fukuchiyama-osadano-plant-japan,35.3,135.11667,"[GEO=city:Fukuchiyama] Coordinates: approximate city-centroid of Fukuchiyama, Japan via offline geonamescache gazetteer (2026-07-20) - NOT a verified plant location."
aesc-japan-ltd-aesc-group-aesc-ibaraki-plant-japan,34.81641,135.56828,"[GEO=city:Ibaraki] Coordinates: approximate city-centroid of Ibaraki, Japan via offline geonamescache gazetteer (2026-07-20) - NOT a verified plant location."
toshiba-infrastructure-systems-solutions-corporation-toshiba-kashiwazaki-operations-scib-japan,37.36667,138.55,"[GEO=city:Kashiwazaki] Coordinates: approximate city-centroid of Kashiwazaki, Japan via offline geonamescache gazetteer (2026-07-20) - NOT a verified plant location."
murata-manufacturing-murata-yasu-plant-japan,38.11858,140.72434,"[GEO=city:Murata] Coordinates: approximate city-centroid of Murata, Japan via offline geonamescache gazetteer (2026-07-20) - NOT a verified plant location."
toshiba-infrastructure-systems-solutions-corporation-toshiba-yokohama-plant-scib-japan,35.43333,139.65,"[GEO=city:Yokohama] Coordinates: approximate city-centroid of Yokohama, Japan via offline geonamescache gazetteer (2026-07-20) - NOT a verified plant location."
lithium-energy-japan-lej-kusatsu-plant-lithium-energy-japan-japan,35.01667,135.96667,"[GEO=city:Kusatsu] Coordinates: approximate city-centroid of Kusatsu, Japan via offline geonamescache gazetteer (2026-07-20) - NOT a verified plant location."
eliiy-power-kawasaki-plant-japan,35.52056,139.71722,"[GEO=city:Kawasaki] Coordinates: approximate city-centroid of Kawasaki, Japan via offline geonamescache gazetteer (2026-07-20) - NOT a verified plant location."
fdk-energy-co-ltd-fdk-corporation-washizu-plant-kosai-japan,34.70053,137.52253,"[GEO=city:Kosai] Coordinates: approximate city-centroid of Kosai, Japan via offline geonamescache gazetteer (2026-07-20) - NOT a verified plant location."
apb-corporation-apb-fukui-center-takefu-factory-echizen-plant-japan,35.88571,136.17073,"[GEO=city:Echizen] Coordinates: approximate city-centroid of Echizen, Japan via offline geonamescache gazetteer (2026-07-20) - NOT a verified plant location."
sk-on-daejeon-all-solid-state-pilot-line-south-korea,36.34913,127.38493,"[GEO=city:Daejeon] Coordinates: approximate city-centroid of Daejeon, South Korea via offline geonamescache gazetteer (2026-07-20) - NOT a verified plant location."
sekisui-chemical-ritto-film-battery-pilot-line-japan,35.02745,135.99971,"[GEO=city:Ritto] Coordinates: approximate city-centroid of Ritto, Japan via offline geonamescache gazetteer (2026-07-20) - NOT a verified plant location."
samsung-sdi-suwon-s-line-all-solid-state-pilot-south-korea,37.29111,127.00889,"[GEO=city:Suwon] Coordinates: approximate city-centroid of Suwon, South Korea via offline geonamescache gazetteer (2026-07-20) - NOT a verified plant location."
enertech-international-chungju-plant-south-korea,36.97666,127.9287,"[GEO=city:Chungju] Coordinates: approximate city-centroid of Chungju, South Korea via offline geonamescache gazetteer (2026-07-20) - NOT a verified plant location."
kumyang-gijang-dream-factory-busan-south-korea,35.24417,129.21389,"[GEO=city:Gijang] Coordinates: approximate city-centroid of Gijang, South Korea via offline geonamescache gazetteer (2026-07-20) - NOT a verified plant location."
eig-energy-innovation-group-ltd-cheonan-plant-south-korea,36.8065,127.1522,"[GEO=city:Cheonan] Coordinates: approximate city-centroid of Cheonan, South Korea via offline geonamescache gazetteer (2026-07-20) - NOT a verified plant location."
vitzrocell-nonsan-plant-south-korea,36.20389,127.08472,"[GEO=city:Nonsan] Coordinates: approximate city-centroid of Nonsan, South Korea via offline geonamescache gazetteer (2026-07-20) - NOT a verified plant location."
libest-daejeon-flexible-battery-pilot-south-korea,36.34913,127.38493,"[GEO=city:Daejeon] Coordinates: approximate city-centroid of Daejeon, South Korea via offline geonamescache gazetteer (2026-07-20) - NOT a verified plant location."
nextstar-energy-nextstar-energy-windsor-canada,42.30008,-83.01654,"[GEO=city:Windsor] Coordinates: approximate city-centroid of Windsor, Canada via offline geonamescache gazetteer (2026-07-20) - NOT a verified plant location."
honda-honda-ev-battery-plant-alliston-canada,44.15011,-79.86635,"[GEO=city:Alliston] Coordinates: approximate city-centroid of Alliston, Canada via offline geonamescache gazetteer (2026-07-20) - NOT a verified plant location."
durapower-durapower-singapore-singapore,1.28967,103.85007,"[GEO=city:Singapore] Coordinates: approximate city-centroid of Singapore, Singapore via offline geonamescache gazetteer (2026-07-20) - NOT a verified plant location."
nuovo-plus-g-cell-semisolid-battery-plant-thailand,12.68095,101.25798,"[GEO=city:Rayong] Coordinates: approximate city-centroid of Rayong, Thailand via offline geonamescache gazetteer (2026-07-20) - NOT a verified plant location."
samsung-sdi-samsung-sdi-seremban-plant-2-malaysia,2.7297,101.9381,"[GEO=city:Seremban] Coordinates: approximate city-centroid of Seremban, Malaysia via offline geonamescache gazetteer (2026-07-20) - NOT a verified plant location."
stb-giga-factory-inc-stb-giga-factory-philippines,15.48017,120.59794,"[GEO=city:Tarlac] Coordinates: approximate city-centroid of Tarlac, Philippines via offline geonamescache gazetteer (2026-07-20) - NOT a verified plant location."
vflowtech-vflowtech-tuas-facility-singapore,1.28967,103.85007,"[GEO=city:Singapore] Coordinates: approximate city-centroid of Singapore, Singapore via offline geonamescache gazetteer (2026-07-20) - NOT a verified plant location."
evlomo-evlomo-nong-yai-battery-plant-thailand,13.3622,100.98345,"[GEO=city:Chonburi] Coordinates: approximate city-centroid of Chonburi, Thailand via offline geonamescache gazetteer (2026-07-20) - NOT a verified plant location."
gigafactory-malaysia-sdn-bhd-gigafactory-malaysia-malaysia,3.35,101.25,"[GEO=city:Selangor] Coordinates: approximate city-centroid of Selangor, Malaysia via offline geonamescache gazetteer (2026-07-20) - NOT a verified plant location."
lg-energy-solution-michigan-inc-lg-energy-solution-michigan-holland-united-states,42.78752,-86.10893,"[GEO=city:Holland] Coordinates: approximate city-centroid of Holland, United States via offline geonamescache gazetteer (2026-07-20) - NOT a verified plant location."
lg-energy-solution-lg-energy-solution-arizona-queen-creek-united-states,33.24866,-111.6343,"[GEO=city:Queen Creek] Coordinates: approximate city-centroid of Queen Creek, United States via offline geonamescache gazetteer (2026-07-20) - NOT a verified plant location."
ultium-cells-llc-ultium-cells-spring-hill-tennessee-united-states,35.75118,-86.93,"[GEO=city:Spring Hill] Coordinates: approximate city-centroid of Spring Hill, United States via offline geonamescache gazetteer (2026-07-20) - NOT a verified plant location."
lg-energy-solution-ultium-cells-lansing-factory-3-delta-township-michigan-united-states,42.73253,-84.55553,"[GEO=city:Lansing] Coordinates: approximate city-centroid of Lansing, United States via offline geonamescache gazetteer (2026-07-20) - NOT a verified plant location."
l-h-battery-company-inc-l-h-battery-company-jeffersonville-ohio-united-states,39.96118,-82.99879,"[GEO=city:Columbus] Coordinates: approximate city-centroid of Columbus, United States via offline geonamescache gazetteer (2026-07-20) - NOT a verified plant location."
starplus-energy-starplus-energy-gigafactory-kokomo-indiana-united-states,40.48643,-86.1336,"[GEO=city:Kokomo] Coordinates: approximate city-centroid of Kokomo, United States via offline geonamescache gazetteer (2026-07-20) - NOT a verified plant location."
toyota-battery-manufacturing-north-carolina-tbmnc-toyota-battery-manufacturing-north-carolina-liberty-united-states,36.07264,-79.79198,"[GEO=city:Greensboro] Coordinates: approximate city-centroid of Greensboro, United States via offline geonamescache gazetteer (2026-07-20) - NOT a verified plant location."
aesc-aesc-kentucky-bowling-green-united-states,36.99032,-86.4436,"[GEO=city:Bowling Green] Coordinates: approximate city-centroid of Bowling Green, United States via offline geonamescache gazetteer (2026-07-20) - NOT a verified plant location."
aesc-aesc-south-carolina-florence-united-states,34.19543,-79.76256,"[GEO=city:Florence] Coordinates: approximate city-centroid of Florence, United States via offline geonamescache gazetteer (2026-07-20) - NOT a verified plant location."
narada-power-jiuquan-narada-wholly-owned-subsidiary-narada-jiuquan-storage-cell-base-jiuquan-narada-smart-energy-storage-manufacturing-base-china,39.74318,98.51736,"[GEO=city:Jiuquan] Coordinates: approximate city-centroid of Jiuquan, China via offline geonamescache gazetteer (2026-07-20) - NOT a verified plant location."
narada-power-narada-wuxi-lfp-cell-plant-china,31.56887,120.28857,"[GEO=city:Wuxi] Coordinates: approximate city-centroid of Wuxi, China via offline geonamescache gazetteer (2026-07-20) - NOT a verified plant location."
envision-aesc-envision-aesc-yichang-storage-super-factory-china,30.71444,111.28472,"[GEO=city:Yichang] Coordinates: approximate city-centroid of Yichang, China via offline geonamescache gazetteer (2026-07-20) - NOT a verified plant location."
trina-storage-trina-storage-chuzhou-lfp-cell-gigafactory-china,32.32194,118.29778,"[GEO=city:Chuzhou] Coordinates: approximate city-centroid of Chuzhou, China via offline geonamescache gazetteer (2026-07-20) - NOT a verified plant location."
northvolt-northvolt-drei-germany,54.52021,9.56829,"[GEO=city:Schleswig] Coordinates: approximate city-centroid of Schleswig, Germany via offline geonamescache gazetteer (2026-07-20) - NOT a verified plant location."
automotive-cells-company-acc-kaiserslautern-gigafactory-germany,49.443,7.77161,"[GEO=city:Kaiserslautern] Coordinates: approximate city-centroid of Kaiserslautern, Germany via offline geonamescache gazetteer (2026-07-20) - NOT a verified plant location."
verkor-verkor-gigafactory-bourbourg-dunkirk-france,51.0344,2.37681,"[GEO=city:Dunkirk] Coordinates: approximate city-centroid of Dunkirk, France via offline geonamescache gazetteer (2026-07-20) - NOT a verified plant location."
envision-aesc-envision-aesc-douai-france,50.37069,3.07922,"[GEO=city:Douai] Coordinates: approximate city-centroid of Douai, France via offline geonamescache gazetteer (2026-07-20) - NOT a verified plant location."
catl-catl-debrecen-hungary,47.53167,21.62444,"[GEO=city:Debrecen] Coordinates: approximate city-centroid of Debrecen, Hungary via offline geonamescache gazetteer (2026-07-20) - NOT a verified plant location."
samsung-sdi-samsung-sdi-g-d-hungary,47.49835,19.04045,"[GEO=city:Budapest] Coordinates: approximate city-centroid of Budapest, Hungary via offline geonamescache gazetteer (2026-07-20) - NOT a verified plant location."
aesc-battery-spain-envision-aesc-envision-aesc-navalmoral-de-la-mata-venergy-spain,39.89158,-5.54064,"[GEO=city:Navalmoral De La Mata] Coordinates: approximate city-centroid of Navalmoral De La Mata, Spain via offline geonamescache gazetteer (2026-07-20) - NOT a verified plant location."
automotive-cells-company-acc-termoli-italy,41.99994,14.99389,"[GEO=city:Termoli] Coordinates: approximate city-centroid of Termoli, Italy via offline geonamescache gazetteer (2026-07-20) - NOT a verified plant location."
eni-storage-systems-eni-storage-systems-gigafactory-brindisi-italy,40.63215,17.93607,"[GEO=city:Brindisi] Coordinates: approximate city-centroid of Brindisi, Italy via offline geonamescache gazetteer (2026-07-20) - NOT a verified plant location."
lyten-formerly-northvolt-northvolt-ett-skellefte-sweden,64.75067,20.95279,"[GEO=city:Skelleftea] Coordinates: approximate city-centroid of Skelleftea, Sweden via offline geonamescache gazetteer (2026-07-20) - NOT a verified plant location."
morrow-batteries-morrow-cell-factory-mcf-1-arendal-norway,58.46151,8.77253,"[GEO=city:Arendal] Coordinates: approximate city-centroid of Arendal, Norway via offline geonamescache gazetteer (2026-07-20) - NOT a verified plant location."
envision-aesc-envision-aesc-sunderland-gigafactory-united-kingdom,54.90465,-1.38222,"[GEO=city:Sunderland] Coordinates: approximate city-centroid of Sunderland, United Kingdom via offline geonamescache gazetteer (2026-07-20) - NOT a verified plant location."
agratas-agratas-somerset-gigafactory-gravity-smart-campus-bridgwater-uk,51.12837,-3.00356,"[GEO=city:Bridgwater] Coordinates: approximate city-centroid of Bridgwater, UK via offline geonamescache gazetteer (2026-07-20) - NOT a verified plant location."
inobat-inobat-uprija-project-lion-serbia,43.9275,21.37,"[GEO=city:Cuprija] Coordinates: approximate city-centroid of Cuprija, Serbia via offline geonamescache gazetteer (2026-07-20) - NOT a verified plant location."
siro-siro-gemlik-turkey,40.43094,29.15969,"[GEO=city:Gemlik] Coordinates: approximate city-centroid of Gemlik, Turkey via offline geonamescache gazetteer (2026-07-20) - NOT a verified plant location."
agratas-energy-storage-solutions-agratas-sanand-gigafactory-india,22.99227,72.38177,"[GEO=city:Sanand] Coordinates: approximate city-centroid of Sanand, India via offline geonamescache gazetteer (2026-07-20) - NOT a verified plant location."
ola-cell-technologies-ola-gigafactory-krishnagiri-india,23.40576,88.49073,"[GEO=city:Krishnagiri] Coordinates: approximate city-centroid of Krishnagiri, India via offline geonamescache gazetteer (2026-07-20) - NOT a verified plant location."
exide-energy-solutions-exide-energy-solutions-bengaluru-gigafactory-india,12.97194,77.59369,"[GEO=city:Bengaluru] Coordinates: approximate city-centroid of Bengaluru, India via offline geonamescache gazetteer (2026-07-20) - NOT a verified plant location."
amara-raja-advanced-cell-technologies-amara-raja-giga-corridor-india,27.55607,77.78972,"[GEO=city:Raja] Coordinates: approximate city-centroid of Raja, India via offline geonamescache gazetteer (2026-07-20) - NOT a verified plant location."
reliance-new-energy-reliance-dhirubhai-ambani-green-energy-giga-complex-battery-gigafactory-india,22.47292,70.06673,"[GEO=city:Jamnagar] Coordinates: approximate city-centroid of Jamnagar, India via offline geonamescache gazetteer (2026-07-20) - NOT a verified plant location."
log9-materials-log9-materials-bengaluru-cell-facility-india,12.97194,77.59369,"[GEO=city:Bengaluru] Coordinates: approximate city-centroid of Bengaluru, India via offline geonamescache gazetteer (2026-07-20) - NOT a verified plant location."
international-battery-company-international-battery-company-bengaluru-gigafactory-india,12.97194,77.59369,"[GEO=city:Bengaluru] Coordinates: approximate city-centroid of Bengaluru, India via offline geonamescache gazetteer (2026-07-20) - NOT a verified plant location."
amperex-technology-limited-atl-india-technology-pvt-ltd-amperex-technology-sohna-cell-plant-india,28.24737,77.06544,"[GEO=city:Sohna] Coordinates: approximate city-centroid of Sohna, India via offline geonamescache gazetteer (2026-07-20) - NOT a verified plant location."
jsw-energy-jsw-energy-cell-gigafactory-india,20.46497,85.87927,"[GEO=city:Cuttack] Coordinates: approximate city-centroid of Cuttack, India via offline geonamescache gazetteer (2026-07-20) - NOT a verified plant location."
godi-india-godi-energy-hyderabad-gigafactory-india,17.38405,78.45636,"[GEO=city:Hyderabad] Coordinates: approximate city-centroid of Hyderabad, India via offline geonamescache gazetteer (2026-07-20) - NOT a verified plant location."
lucas-tvs-tvs-indeon-ltd-lucas-tvs-thervoy-kandigai-cell-plant-india,13.08784,80.27847,"[GEO=city:Chennai] Coordinates: approximate city-centroid of Chennai, India via offline geonamescache gazetteer (2026-07-20) - NOT a verified plant location."
munoth-industries-limited-munoth-lithium-cell-plant-tirupati-india,13.63551,79.41989,"[GEO=city:Tirupati] Coordinates: approximate city-centroid of Tirupati, India via offline geonamescache gazetteer (2026-07-20) - NOT a verified plant location."
tds-lithium-ion-battery-gujarat-pvt-ltd-tdsg-tds-lithium-ion-battery-gujarat-hansalpur-india,25.44126,74.56979,"[GEO=city:Mandal] Coordinates: approximate city-centroid of Mandal, India via offline geonamescache gazetteer (2026-07-20) - NOT a verified plant location."
waaree-energies-waaree-lithium-ion-gigafactory-rambilli-india,17.69134,83.00395,"[GEO=city:Anakapalli] Coordinates: approximate city-centroid of Anakapalli, India via offline geonamescache gazetteer (2026-07-20) - NOT a verified plant location."
waaree-ess-waaree-energy-storage-solutions-waaree-ess-cell-plant-rola-india,24.98333,75.0,"[GEO=city:Begun] Coordinates: approximate city-centroid of Begun, India via offline geonamescache gazetteer (2026-07-20) - NOT a verified plant location."
macsen-labs-macsen-sodium-ion-cell-pilot-line-udaipur-india,24.58584,73.71346,"[GEO=city:Udaipur] Coordinates: approximate city-centroid of Udaipur, India via offline geonamescache gazetteer (2026-07-20) - NOT a verified plant location."
naxion-energy-naxion-energy-coimbatore-plant-india,11.00555,76.96612,"[GEO=city:Coimbatore] Coordinates: approximate city-centroid of Coimbatore, India via offline geonamescache gazetteer (2026-07-20) - NOT a verified plant location."
e-trnl-energy-e-trnl-cell-pilot-line-bengaluru-india,12.97194,77.59369,"[GEO=city:Bengaluru] Coordinates: approximate city-centroid of Bengaluru, India via offline geonamescache gazetteer (2026-07-20) - NOT a verified plant location."
panasonic-energy-panasonic-energy-suminoe-factory-japan,36.26426,139.42908,"[GEO=city:Oizumi] Coordinates: approximate city-centroid of Oizumi, Japan via offline geonamescache gazetteer (2026-07-20) - NOT a verified plant location."
panasonic-energy-kaizuka-co-ltd-panasonic-energy-kaizuka-factory-japan,34.45,135.35,"[GEO=city:Kaizuka] Coordinates: approximate city-centroid of Kaizuka, Japan via offline geonamescache gazetteer (2026-07-20) - NOT a verified plant location."
panasonic-energy-panasonic-energy-wakayama-factory-japan,34.23333,135.16667,"[GEO=city:Wakayama] Coordinates: approximate city-centroid of Wakayama, Japan via offline geonamescache gazetteer (2026-07-20) - NOT a verified plant location."
prime-planet-energy-solutions-ppes-himeji-plant-japan,34.81667,134.7,"[GEO=city:Himeji] Coordinates: approximate city-centroid of Himeji, Japan via offline geonamescache gazetteer (2026-07-20) - NOT a verified plant location."
panasonic-energy-panasonic-energy-oizumi-factory-japan,36.26426,139.42908,"[GEO=city:Oizumi] Coordinates: approximate city-centroid of Oizumi, Japan via offline geonamescache gazetteer (2026-07-20) - NOT a verified plant location."
toyota-battery-co-toyota-toyota-fukuoka-kanda-battery-plant-japan,33.6,130.41667,"[GEO=city:Fukuoka] Coordinates: approximate city-centroid of Fukuoka, Japan via offline geonamescache gazetteer (2026-07-20) - NOT a verified plant location."
prime-planet-energy-solutions-ppes-tokushima-plant-japan,34.06667,134.56667,"[GEO=city:Tokushima] Coordinates: approximate city-centroid of Tokushima, Japan via offline geonamescache gazetteer (2026-07-20) - NOT a verified plant location."
toyota-motor-corporation-toyota-teiho-plant-japan,35.08333,137.15,"[GEO=city:Toyota] Coordinates: approximate city-centroid of Toyota, Japan via offline geonamescache gazetteer (2026-07-20) - NOT a verified plant location."
toyota-battery-co-ltd-formerly-primearth-ev-energy-toyota-battery-peve-miyagi-plant-japan,35.08333,137.15,"[GEO=city:Toyota] Coordinates: approximate city-centroid of Toyota, Japan via offline geonamescache gazetteer (2026-07-20) - NOT a verified plant location."
aesc-aesc-zama-plant-japan,35.4879,139.39101,"[GEO=city:Zama] Coordinates: approximate city-centroid of Zama, Japan via offline geonamescache gazetteer (2026-07-20) - NOT a verified plant location."
e-one-moli-energy-canada-ltd-e-one-moli-maple-ridge-canada,49.21939,-122.60193,"[GEO=city:Maple Ridge] Coordinates: approximate city-centroid of Maple Ridge, Canada via offline geonamescache gazetteer (2026-07-20) - NOT a verified plant location."
gotion-power-morocco-gotion-kenitra-gigafactory-morocco,34.26101,-6.5802,"[GEO=city:Kenitra] Coordinates: approximate city-centroid of Kenitra, Morocco via offline geonamescache gazetteer (2026-07-20) - NOT a verified plant location."
statevolt-emirates-statevolt-ras-al-khaimah-united-arab-emirates,25.78953,55.9432,"[GEO=city:Ras Al Khaimah] Coordinates: approximate city-centroid of Ras Al Khaimah, United Arab Emirates via offline geonamescache gazetteer (2026-07-20) - NOT a verified plant location."
recharge-industries-recharge-industries-geelong-avalon-gigafactory-australia,-38.14711,144.36069,"[GEO=city:Geelong] Coordinates: approximate city-centroid of Geelong, Australia via offline geonamescache gazetteer (2026-07-20) - NOT a verified plant location."
gelion-gelion-fairfield-australia,-33.86667,150.95,"[GEO=city:Fairfield] Coordinates: approximate city-centroid of Fairfield, Australia via offline geonamescache gazetteer (2026-07-20) - NOT a verified plant location."
bravo-motor-company-brasil-energy-bravo-motor-company-gigafactory-colossus-cluster-brazil,-12.5125,-38.49528,"[GEO=city:Sao Sebastiao Do Passe] Coordinates: approximate city-centroid of Sao Sebastiao Do Passe, Brazil via offline geonamescache gazetteer (2026-07-20) - NOT a verified plant location."
powercap-powercap-queensland-australia,-27.46794,153.02809,"[GEO=city:Brisbane] Coordinates: approximate city-centroid of Brisbane, Australia via offline geonamescache gazetteer (2026-07-20) - NOT a verified plant location."
li-s-energy-li-s-energy-geelong-phase-3-australia,-38.14711,144.36069,"[GEO=city:Geelong] Coordinates: approximate city-centroid of Geelong, Australia via offline geonamescache gazetteer (2026-07-20) - NOT a verified plant location."
addionics-addionics-israel-pilot-line-israel,32.08088,34.78057,"[GEO=city:Tel Aviv] Coordinates: approximate city-centroid of Tel Aviv, Israel via offline geonamescache gazetteer (2026-07-20) - NOT a verified plant location."
afrivolt-afrivolt-atlantis-gigafactory-south-africa,-33.56668,18.48335,"[GEO=city:Atlantis] Coordinates: approximate city-centroid of Atlantis, South Africa via offline geonamescache gazetteer (2026-07-20) - NOT a verified plant location."
salient-energy-salient-energy-dartmouth-canada,44.67134,-63.57719,"[GEO=city:Dartmouth] Coordinates: approximate city-centroid of Dartmouth, Canada via offline geonamescache gazetteer (2026-07-20) - NOT a verified plant location."
megamillion-energy-group-megamillion-energy-gigafactory-giga-africa-1-south-africa,-33.96109,25.61494,"[GEO=city:Port Elizabeth] Coordinates: approximate city-centroid of Port Elizabeth, South Africa via offline geonamescache gazetteer (2026-07-20) - NOT a verified plant location."
e-zinc-e-zinc-mississauga-pilot-manufacturing-facility-canada,43.5789,-79.6583,"[GEO=city:Mississauga] Coordinates: approximate city-centroid of Mississauga, Canada via offline geonamescache gazetteer (2026-07-20) - NOT a verified plant location."
y-tec-unilib-la-plata-argentina,-34.92126,-57.95442,"[GEO=city:La Plata] Coordinates: approximate city-centroid of La Plata, Argentina via offline geonamescache gazetteer (2026-07-20) - NOT a verified plant location."
lg-energy-solution-lg-energy-solution-ochang-energy-plant-south-korea,36.63722,127.48972,"[GEO=city:Cheongju] Coordinates: approximate city-centroid of Cheongju, South Korea via offline geonamescache gazetteer (2026-07-20) - NOT a verified plant location."
samsung-sdi-samsung-sdi-ulsan-plant-south-korea,35.53722,129.31667,"[GEO=city:Ulsan] Coordinates: approximate city-centroid of Ulsan, South Korea via offline geonamescache gazetteer (2026-07-20) - NOT a verified plant location."
samsung-sdi-samsung-sdi-cheonan-plant-south-korea,36.8065,127.1522,"[GEO=city:Cheonan] Coordinates: approximate city-centroid of Cheonan, South Korea via offline geonamescache gazetteer (2026-07-20) - NOT a verified plant location."
samsung-sdi-samsung-sdi-giheung-plant-south-korea,36.8065,127.1522,"[GEO=city:Cheonan] Coordinates: approximate city-centroid of Cheonan, South Korea via offline geonamescache gazetteer (2026-07-20) - NOT a verified plant location."
sk-on-sk-on-seosan-plant-south-korea,36.78167,126.45222,"[GEO=city:Seosan] Coordinates: approximate city-centroid of Seosan, South Korea via offline geonamescache gazetteer (2026-07-20) - NOT a verified plant location."
eve-energy-malaysia-sdn-bhd-eve-energy-malaysia-kulim-kedah-malaysia,5.36499,100.56177,"[GEO=city:Kulim] Coordinates: approximate city-centroid of Kulim, Malaysia via offline geonamescache gazetteer (2026-07-20) - NOT a verified plant location."
pt-rept-battero-indonesia-rept-battero-indonesia-battery-factory-indonesia,-6.21462,106.84513,"[GEO=city:Jakarta] Coordinates: approximate city-centroid of Jakarta, Indonesia via offline geonamescache gazetteer (2026-07-20) - NOT a verified plant location."
gotion-high-tech-vines-jv-gotion-vines-lfp-gigafactory-ha-tinh-vietnam,18.34282,105.90569,"[GEO=city:Ha Tinh] Coordinates: approximate city-centroid of Ha Tinh, Vietnam via offline geonamescache gazetteer (2026-07-20) - NOT a verified plant location."
amita-technology-thailand-amita-technology-gigafactory-eec-thailand,13.6882,101.07156,"[GEO=city:Chachoengsao] Coordinates: approximate city-centroid of Chachoengsao, Thailand via offline geonamescache gazetteer (2026-07-20) - NOT a verified plant location."
svolt-energy-technology-thailand-svolt-thailand-sriracha-thailand,13.17372,100.93111,"[GEO=city:Sriracha] Coordinates: approximate city-centroid of Sriracha, Thailand via offline geonamescache gazetteer (2026-07-20) - NOT a verified plant location."
sunwoda-automotive-energy-thailand-sunwoda-chonburi-cell-plant-thailand,13.3622,100.98345,"[GEO=city:Chonburi] Coordinates: approximate city-centroid of Chonburi, Thailand via offline geonamescache gazetteer (2026-07-20) - NOT a verified plant location."
nv-gotion-co-ltd-nv-gotion-thailand-rayong-thailand,12.68095,101.25798,"[GEO=city:Rayong] Coordinates: approximate city-centroid of Rayong, Thailand via offline geonamescache gazetteer (2026-07-20) - NOT a verified plant location."
american-battery-factory-american-battery-factory-tucson-gigafactory-united-states,32.22174,-110.92648,"[GEO=city:Tucson] Coordinates: approximate city-centroid of Tucson, United States via offline geonamescache gazetteer (2026-07-20) - NOT a verified plant location."
amprius-technologies-amprius-colorado-brighton-united-states,39.98526,-104.82053,"[GEO=city:Brighton] Coordinates: approximate city-centroid of Brighton, United States via offline geonamescache gazetteer (2026-07-20) - NOT a verified plant location."
microvast-microvast-clarksville-united-states,36.52977,-87.35945,"[GEO=city:Clarksville] Coordinates: approximate city-centroid of Clarksville, United States via offline geonamescache gazetteer (2026-07-20) - NOT a verified plant location."
quantumscape-quantumscape-san-jose-eagle-line-qs-0-united-states,37.33939,-121.89496,"[GEO=city:San Jose] Coordinates: approximate city-centroid of San Jose, United States via offline geonamescache gazetteer (2026-07-20) - NOT a verified plant location."
electrovaya-electrovaya-jamestown-gigafactory-united-states,42.097,-79.23533,"[GEO=city:Jamestown] Coordinates: approximate city-centroid of Jamestown, United States via offline geonamescache gazetteer (2026-07-20) - NOT a verified plant location."
solid-power-solid-power-louisville-ev-cell-pilot-line-united-states,39.97776,-105.13193,"[GEO=city:Louisville] Coordinates: approximate city-centroid of Louisville, United States via offline geonamescache gazetteer (2026-07-20) - NOT a verified plant location."
enovix-enovix-fremont-fab-1-united-states,37.54827,-121.98857,"[GEO=city:Fremont] Coordinates: approximate city-centroid of Fremont, United States via offline geonamescache gazetteer (2026-07-20) - NOT a verified plant location."
peak-energy-peak-energy-sacramento-united-states,38.58157,-121.4944,"[GEO=city:Sacramento] Coordinates: approximate city-centroid of Sacramento, United States via offline geonamescache gazetteer (2026-07-20) - NOT a verified plant location."
eos-energy-enterprises-eos-energy-turtle-creek-united-states,42.50835,-89.03178,"[GEO=city:Turtle Creek] Coordinates: approximate city-centroid of Turtle Creek, United States via offline geonamescache gazetteer (2026-07-20) - NOT a verified plant location."
ess-tech-inc-ess-inc-ess-inc-wilsonville-united-states,45.29984,-122.77371,"[GEO=city:Wilsonville] Coordinates: approximate city-centroid of Wilsonville, United States via offline geonamescache gazetteer (2026-07-20) - NOT a verified plant location."
form-energy-form-factory-1-weirton-united-states,40.41896,-80.58952,"[GEO=city:Weirton] Coordinates: approximate city-centroid of Weirton, United States via offline geonamescache gazetteer (2026-07-20) - NOT a verified plant location."
ambri-ambri-marlborough-united-states,42.34593,-71.55229,"[GEO=city:Marlborough] Coordinates: approximate city-centroid of Marlborough, United States via offline geonamescache gazetteer (2026-07-20) - NOT a verified plant location."
statevolt-statevolt-imperial-valley-gigafactory-united-states,32.84755,-115.56944,"[GEO=city:Imperial] Coordinates: approximate city-centroid of Imperial, United States via offline geonamescache gazetteer (2026-07-20) - NOT a verified plant location."
lyten-lyten-san-jose-united-states,37.33939,-121.89496,"[GEO=city:San Jose] Coordinates: approximate city-centroid of San Jose, United States via offline geonamescache gazetteer (2026-07-20) - NOT a verified plant location."
ses-ai-ses-ai-woburn-united-states,42.47926,-71.15228,"[GEO=city:Woburn] Coordinates: approximate city-centroid of Woburn, United States via offline geonamescache gazetteer (2026-07-20) - NOT a verified plant location."
24m-technologies-24m-technologies-cambridge-united-states,42.3751,-71.10561,"[GEO=city:Cambridge] Coordinates: approximate city-centroid of Cambridge, United States via offline geonamescache gazetteer (2026-07-20) - NOT a verified plant location."
unigrid-battery-unigrid-san-diego-united-states,32.71571,-117.16472,"[GEO=city:San Diego] Coordinates: approximate city-centroid of San Diego, United States via offline geonamescache gazetteer (2026-07-20) - NOT a verified plant location."
inlyte-energy-inlyte-energy-hayward-united-states,37.66882,-122.0808,"[GEO=city:Hayward] Coordinates: approximate city-centroid of Hayward, United States via offline geonamescache gazetteer (2026-07-20) - NOT a verified plant location."
coreshell-coreshell-san-leandro-united-states,37.72493,-122.15608,"[GEO=city:San Leandro] Coordinates: approximate city-centroid of San Leandro, United States via offline geonamescache gazetteer (2026-07-20) - NOT a verified plant location."
zeta-energy-zeta-energy-houston-united-states,29.76328,-95.36327,"[GEO=city:Houston] Coordinates: approximate city-centroid of Houston, United States via offline geonamescache gazetteer (2026-07-20) - NOT a verified plant location."
dragonfly-energy-dragonfly-energy-reno-united-states,39.52963,-119.8138,"[GEO=city:Reno] Coordinates: approximate city-centroid of Reno, United States via offline geonamescache gazetteer (2026-07-20) - NOT a verified plant location."
nanotech-energy-nanotech-energy-chico-2-united-states,39.72849,-121.83748,"[GEO=city:Chico] Coordinates: approximate city-centroid of Chico, United States via offline geonamescache gazetteer (2026-07-20) - NOT a verified plant location."
sakuu-sakuu-silicon-valley-united-states,37.33939,-121.89496,"[GEO=city:San Jose] Coordinates: approximate city-centroid of San Jose, United States via offline geonamescache gazetteer (2026-07-20) - NOT a verified plant location."
catl-luoyuan-times-new-energy-battery-industrial-base-luoyuan-china,26.06139,119.30611,"[GEO=city:Fuzhou] Coordinates: approximate city-centroid of Fuzhou, China via offline geonamescache gazetteer (2026-07-20) - NOT a verified plant location."
catl-catl-dongying-zero-carbon-industrial-park-lithium-battery-manufacturing-base-china,37.46271,118.49165,"[GEO=city:Dongying] Coordinates: approximate city-centroid of Dongying, China via offline geonamescache gazetteer (2026-07-20) - NOT a verified plant location."
sunwoda-sunwoda-yichang-power-battery-production-base-china,30.71444,111.28472,"[GEO=city:Yichang] Coordinates: approximate city-centroid of Yichang, China via offline geonamescache gazetteer (2026-07-20) - NOT a verified plant location."
sunwoda-automotive-battery-sunwoda-evb-sunwoda-deyang-shifang-power-and-energy-storage-battery-base-china,31.13019,104.38198,"[GEO=city:Deyang] Coordinates: approximate city-centroid of Deyang, China via offline geonamescache gazetteer (2026-07-20) - NOT a verified plant location."
sunwoda-sunwoda-maoming-dianbai-automotive-electronics-base-china,21.66625,110.91364,"[GEO=city:Maoming] Coordinates: approximate city-centroid of Maoming, China via offline geonamescache gazetteer (2026-07-20) - NOT a verified plant location."
sunwoda-sunwoda-nanjing-power-battery-base-lishui-china,32.06167,118.77778,"[GEO=city:Nanjing] Coordinates: approximate city-centroid of Nanjing, China via offline geonamescache gazetteer (2026-07-20) - NOT a verified plant location."
huizhou-liwei-new-energy-technology-co-ltd-sunwoda-sunwoda-huizhou-plant-huizhou-liwei-new-energy-china,23.11147,114.41523,"[GEO=city:Huizhou] Coordinates: approximate city-centroid of Huizhou, China via offline geonamescache gazetteer (2026-07-20) - NOT a verified plant location."
sunwoda-sunwoda-quzhou-plant-china,28.95944,118.86861,"[GEO=city:Quzhou] Coordinates: approximate city-centroid of Quzhou, China via offline geonamescache gazetteer (2026-07-20) - NOT a verified plant location."
anqing-chaoren-energy-technology-co-ltd-chaowei-anqing-chaoren-sodium-ion-battery-plant-phase-i-china,30.51365,117.04723,"[GEO=city:Anqing] Coordinates: approximate city-centroid of Anqing, China via offline geonamescache gazetteer (2026-07-20) - NOT a verified plant location."
zhejiang-hu-na-energy-co-ltd-hu-na-energy-sodium-ion-battery-and-system-project-jiaxing-china,30.7522,120.75,"[GEO=city:Jiaxing] Coordinates: approximate city-centroid of Jiaxing, China via offline geonamescache gazetteer (2026-07-20) - NOT a verified plant location."
shaanxi-green-energy-storage-technology-co-ltd-shaanxi-green-energy-storage-lfp-cell-plant-yulin-china,22.6305,110.14686,"[GEO=city:Yulin] Coordinates: approximate city-centroid of Yulin, China via offline geonamescache gazetteer (2026-07-20) - NOT a verified plant location."
gotion-high-tech-gotion-sodium-plant-tangshan-china,39.64381,118.18319,"[GEO=city:Tangshan] Coordinates: approximate city-centroid of Tangshan, China via offline geonamescache gazetteer (2026-07-20) - NOT a verified plant location."
gotion-high-tech-gotion-gnascent-sodium-ion-plant-hefei-china,31.86389,117.28083,"[GEO=city:Hefei] Coordinates: approximate city-centroid of Hefei, China via offline geonamescache gazetteer (2026-07-20) - NOT a verified plant location."
taiji-sodium-jingzhou-technology-co-ltd-taiji-sodium-cylindrical-cell-base-jingzhou-china,30.35028,112.19028,"[GEO=city:Jingzhou] Coordinates: approximate city-centroid of Jingzhou, China via offline geonamescache gazetteer (2026-07-20) - NOT a verified plant location."
easton-east-group-easton-sodium-ion-cell-plant-dongguan-songshan-lake-china,23.01797,113.74866,"[GEO=city:Dongguan] Coordinates: approximate city-centroid of Dongguan, China via offline geonamescache gazetteer (2026-07-20) - NOT a verified plant location."
chuneng-new-energy-chuneng-new-energy-xiaogan-base-xiaogan-lithium-battery-industrial-park-china,30.92689,113.92221,"[GEO=city:Xiaogan] Coordinates: approximate city-centroid of Xiaogan, China via offline geonamescache gazetteer (2026-07-20) - NOT a verified plant location."
greater-bay-technology-guangzhou-juwan-technology-research-greater-bay-technology-nansha-plant-china,23.11667,113.25,"[GEO=city:Guangzhou] Coordinates: approximate city-centroid of Guangzhou, China via offline geonamescache gazetteer (2026-07-20) - NOT a verified plant location."
jiangsu-tafel-new-energy-jiangsu-tafel-new-energy-nanjing-plant-china,32.06167,118.77778,"[GEO=city:Nanjing] Coordinates: approximate city-centroid of Nanjing, China via offline geonamescache gazetteer (2026-07-20) - NOT a verified plant location."
huizhou-highpower-technology-highpower-international-huizhou-plant-longhu-tonghu-industrial-park-china,23.11147,114.41523,"[GEO=city:Huizhou] Coordinates: approximate city-centroid of Huizhou, China via offline geonamescache gazetteer (2026-07-20) - NOT a verified plant location."
narada-power-nandu-power-nandu-power-narada-hangzhou-fuyang-lithium-cell-base-china,30.29365,120.16142,"[GEO=city:Hangzhou] Coordinates: approximate city-centroid of Hangzhou, China via offline geonamescache gazetteer (2026-07-20) - NOT a verified plant location."
shenzhen-betterpower-battery-co-ltd-shenzhen-betterpower-shenzhen-plant-longhua-base-china,22.54554,114.0683,"[GEO=city:Shenzhen] Coordinates: approximate city-centroid of Shenzhen, China via offline geonamescache gazetteer (2026-07-20) - NOT a verified plant location."
shandong-sacred-sun-power-sources-co-ltd-sacred-sun-qufu-lithium-cell-plant-china,35.59667,116.99111,"[GEO=city:Qufu] Coordinates: approximate city-centroid of Qufu, China via offline geonamescache gazetteer (2026-07-20) - NOT a verified plant location."
chilwee-chaowei-group-chilwee-changxing-lithium-cell-plant-china,30.29556,111.50472,"[GEO=city:Zhicheng] Coordinates: approximate city-centroid of Zhicheng, China via offline geonamescache gazetteer (2026-07-20) - NOT a verified plant location."
shuangdeng-group-co-ltd-shuangdeng-new-energy-storage-cell-project-jiangyan-taizhou-china,32.50611,120.14278,"[GEO=city:Jiangyan] Coordinates: approximate city-centroid of Jiangyan, China via offline geonamescache gazetteer (2026-07-20) - NOT a verified plant location."
yao-ning-new-energy-jianhu-yaoning-new-energy-technology-yaoning-new-energy-jianhu-shanggang-base-china,33.3575,120.1573,"[GEO=city:Yancheng] Coordinates: approximate city-centroid of Yancheng, China via offline geonamescache gazetteer (2026-07-20) - NOT a verified plant location."
shanghai-deligreen-power-deligreen-shanghai-cylindrical-cell-plant-china,31.22222,121.45806,"[GEO=city:Shanghai] Coordinates: approximate city-centroid of Shanghai, China via offline geonamescache gazetteer (2026-07-20) - NOT a verified plant location."
zeekr-vremt-weirui-jidian-factory-zeekr-golden-brick-quzhou-cell-plant-china,28.95944,118.86861,"[GEO=city:Quzhou] Coordinates: approximate city-centroid of Quzhou, China via offline geonamescache gazetteer (2026-07-20) - NOT a verified plant location."
jilin-dongchi-new-energy-technology-co-ltd-dongchi-new-energy-jilin-solid-state-plant-china,43.88,125.32278,"[GEO=city:Changchun] Coordinates: approximate city-centroid of Changchun, China via offline geonamescache gazetteer (2026-07-20) - NOT a verified plant location."
jiangsu-tianpeng-power-supply-co-tenpower-tianpeng-power-zhangjiagang-cell-plant-china,31.865,120.53889,"[GEO=city:Zhangjiagang] Coordinates: approximate city-centroid of Zhangjiagang, China via offline geonamescache gazetteer (2026-07-20) - NOT a verified plant location."
wuhu-tianyi-energy-technology-co-ltd-etc-battery-rongjie-energy-wuhu-cell-plant-wuhu-tianyi-energy-etc-battery-china,31.35259,118.42947,"[GEO=city:Wuhu] Coordinates: approximate city-centroid of Wuhu, China via offline geonamescache gazetteer (2026-07-20) - NOT a verified plant location."
qingtao-kunshan-energy-qingtao-energy-kunshan-semi-solid-plant-china,31.37762,120.95431,"[GEO=city:Kunshan] Coordinates: approximate city-centroid of Kunshan, China via offline geonamescache gazetteer (2026-07-20) - NOT a verified plant location."
beijing-welion-new-energy-welion-new-energy-huzhou-semi-solid-plant-china,30.8703,120.0933,"[GEO=city:Huzhou] Coordinates: approximate city-centroid of Huzhou, China via offline geonamescache gazetteer (2026-07-20) - NOT a verified plant location."
talent-new-energy-talent-new-energy-chongqing-solid-state-plant-china,29.56026,106.55771,"[GEO=city:Chongqing] Coordinates: approximate city-centroid of Chongqing, China via offline geonamescache gazetteer (2026-07-20) - NOT a verified plant location."
hengdian-group-dmegc-magnetics-co-ltd-hengdian-dmegc-dongyang-lithium-cell-plant-china,29.26778,120.22528,"[GEO=city:Dongyang] Coordinates: approximate city-centroid of Dongyang, China via offline geonamescache gazetteer (2026-07-20) - NOT a verified plant location."
jiangsu-sunpower-co-ltd-changhong-sanjie-jiangsu-sunpower-changhong-sanjie-taixing-cell-plant-china,32.16667,120.01361,"[GEO=city:Taixing] Coordinates: approximate city-centroid of Taixing, China via offline geonamescache gazetteer (2026-07-20) - NOT a verified plant location."
lanjun-new-energy-lanjun-new-energy-jiashan-base-china,30.84918,120.92583,"[GEO=city:Jiashan] Coordinates: approximate city-centroid of Jiashan, China via offline geonamescache gazetteer (2026-07-20) - NOT a verified plant location."
dalian-cbak-power-battery-co-ltd-dalian-cbak-power-battery-plant-huayuankou-base-china,38.91222,121.60222,"[GEO=city:Dalian] Coordinates: approximate city-centroid of Dalian, China via offline geonamescache gazetteer (2026-07-20) - NOT a verified plant location."
